Kernel,Training_ID,Accuracy,Sensitivity,Specificity,AUC,TP,FP,TN,FN
linear,97.60194174757281,0.96875,0.9626556016597512,0.9748953974895398,0.993171959659419,696.0,18.0,699.0,27.0
poly,97.60194174757281,0.95,0.9764868603042876,0.9232914923291492,0.990458485126298,706.0,55.0,662.0,17.0
rbf,97.60194174757281,0.9701388888888888,0.9640387275242047,0.9762900976290098,0.9947524709251121,697.0,17.0,700.0,26.0
